CREATE DATABASE  IF NOT EXISTS `app.library` /*!40100 DEFAULT CHARACTER SET utf8mb3 COLLATE utf8mb3_spanish_ci */ /*!80016 DEFAULT ENCRYPTION='N' */;
USE `app.library`;
-- MySQL dump 10.13  Distrib 8.0.31, for macos12 (x86_64)
--
-- Host: 127.0.0.1    Database: app.library
-- ------------------------------------------------------
-- Server version	8.0.32

/*!40101 SET @OLD_CHARACTER_SET_CLIENT=@@CHARACTER_SET_CLIENT */;
/*!40101 SET @OLD_CHARACTER_SET_RESULTS=@@CHARACTER_SET_RESULTS */;
/*!40101 SET @OLD_COLLATION_CONNECTION=@@COLLATION_CONNECTION */;
/*!50503 SET NAMES utf8 */;
/*!40103 SET @OLD_TIME_ZONE=@@TIME_ZONE */;
/*!40103 SET TIME_ZONE='+00:00' */;
/*!40014 SET @OLD_UNIQUE_CHECKS=@@UNIQUE_CHECKS, UNIQUE_CHECKS=0 */;
/*!40014 SET @OLD_FOREIGN_KEY_CHECKS=@@FOREIGN_KEY_CHECKS, FOREIGN_KEY_CHECKS=0 */;
/*!40101 SET @OLD_SQL_MODE=@@SQL_MODE, SQL_MODE='NO_AUTO_VALUE_ON_ZERO' */;
/*!40111 SET @OLD_SQL_NOTES=@@SQL_NOTES, SQL_NOTES=0 */;

--
-- Table structure for table `authors`
--

DROP TABLE IF EXISTS `authors`;
/*!40101 SET @saved_cs_client     = @@character_set_client */;
/*!50503 SET character_set_client = utf8mb4 */;
CREATE TABLE `authors` (
  `id` bigint unsigned NOT NULL AUTO_INCREMENT,
  `name` varchar(255) COLLATE utf8mb4_unicode_ci NOT NULL,
  `lastname` varchar(255) COLLATE utf8mb4_unicode_ci NOT NULL,
  `created_at` timestamp NULL DEFAULT NULL,
  `updated_at` timestamp NULL DEFAULT NULL,
  PRIMARY KEY (`id`)
) ENGINE=InnoDB AUTO_INCREMENT=8 DEFAULT CHARSET=utf8mb4 COLLATE=utf8mb4_unicode_ci;
/*!40101 SET character_set_client = @saved_cs_client */;

--
-- Dumping data for table `authors`
--

LOCK TABLES `authors` WRITE;
/*!40000 ALTER TABLE `authors` DISABLE KEYS */;
INSERT INTO `authors` VALUES (1,'Gabriel','Garcia Marquez','2023-03-27 03:50:02','2023-03-27 03:50:02'),(2,'Carolina','Saniz','2023-03-27 04:55:34','2023-03-27 04:55:34'),(3,'Hector','Abbad','2023-03-27 04:55:47','2023-03-27 04:55:47'),(4,'Rafael','Pombo','2023-03-27 04:56:01','2023-03-27 04:56:01'),(5,'Margarita','Rosa de Francisco','2023-03-27 04:56:14','2023-03-27 04:56:14'),(7,'Nuevo autor','autor','2023-03-27 05:22:45','2023-03-27 05:22:45');
/*!40000 ALTER TABLE `authors` ENABLE KEYS */;
UNLOCK TABLES;

--
-- Table structure for table `books`
--

DROP TABLE IF EXISTS `books`;
/*!40101 SET @saved_cs_client     = @@character_set_client */;
/*!50503 SET character_set_client = utf8mb4 */;
CREATE TABLE `books` (
  `id` bigint unsigned NOT NULL AUTO_INCREMENT,
  `title` varchar(255) COLLATE utf8mb4_unicode_ci NOT NULL,
  `isbn` varchar(255) COLLATE utf8mb4_unicode_ci NOT NULL,
  `pages` varchar(255) COLLATE utf8mb4_unicode_ci NOT NULL,
  `cover` varchar(255) COLLATE utf8mb4_unicode_ci NOT NULL,
  `author_id` bigint unsigned DEFAULT NULL,
  `editorial_id` bigint unsigned DEFAULT NULL,
  `created_at` timestamp NULL DEFAULT NULL,
  `updated_at` timestamp NULL DEFAULT NULL,
  PRIMARY KEY (`id`)
) ENGINE=InnoDB AUTO_INCREMENT=13 DEFAULT CHARSET=utf8mb4 COLLATE=utf8mb4_unicode_ci;
/*!40101 SET character_set_client = @saved_cs_client */;

--
-- Dumping data for table `books`
--

LOCK TABLES `books` WRITE;
/*!40000 ALTER TABLE `books` DISABLE KEYS */;
INSERT INTO `books` VALUES (1,'Cien años de soledad','234324','300','https://upload.wikimedia.org/wikipedia/commons/a/a1/Cien_a%C3%B1os_de_soledad.png',1,35,'2023-03-27 03:50:20','2023-03-27 03:50:20'),(2,'El coronel no tiene quien le escriba','32432','123','https://imagessl2.casadellibro.com/a/l/t7/52/9788497592352.jpg',1,86,'2023-03-27 04:12:05','2023-03-27 04:25:37'),(7,'Somos luces abismales','234','203','https://images.cdn1.buscalibre.com/fit-in/360x360/69/e5/69e5514efee13ecbe664c743f662cc34.jpg',1,156,'2023-03-27 04:57:35','2023-03-27 04:57:35'),(8,'El hombre del teléfono','32423','240','https://assets-libr.cantook.net/medias/98/766479e053756475ae94448cc15caea2d5e167.jpg',5,166,'2023-03-27 04:59:06','2023-03-27 04:59:06'),(9,'Salvo mi corazón todo esta bien','2344','357','https://m.media-amazon.com/images/I/51T4ssum10L._SL500_.jpg',3,347,'2023-03-27 04:59:59','2023-03-27 04:59:59'),(10,'El renacuajo paseador','23324','120','https://images.cdn1.buscalibre.com/fit-in/360x360/86/88/8688dce3ce0de89a3c135f9d8d5903b0.jpg',4,321,'2023-03-27 05:01:27','2023-03-27 05:01:27');
/*!40000 ALTER TABLE `books` ENABLE KEYS */;
UNLOCK TABLES;

--
-- Table structure for table `borrowed_books`
--

DROP TABLE IF EXISTS `borrowed_books`;
/*!40101 SET @saved_cs_client     = @@character_set_client */;
/*!50503 SET character_set_client = utf8mb4 */;
CREATE TABLE `borrowed_books` (
  `id` bigint unsigned NOT NULL AUTO_INCREMENT,
  `book_id` bigint NOT NULL,
  `loan_date` varchar(255) COLLATE utf8mb4_unicode_ci NOT NULL,
  `delivery_date` varchar(255) COLLATE utf8mb4_unicode_ci NOT NULL,
  `created_at` timestamp NULL DEFAULT NULL,
  `updated_at` timestamp NULL DEFAULT NULL,
  PRIMARY KEY (`id`)
) ENGINE=InnoDB AUTO_INCREMENT=12 DEFAULT CHARSET=utf8mb4 COLLATE=utf8mb4_unicode_ci;
/*!40101 SET character_set_client = @saved_cs_client */;

--
-- Dumping data for table `borrowed_books`
--

LOCK TABLES `borrowed_books` WRITE;
/*!40000 ALTER TABLE `borrowed_books` DISABLE KEYS */;
INSERT INTO `borrowed_books` VALUES (1,1,'2023-03-26','2023-03-30','2023-03-27 04:06:43','2023-03-27 04:06:43'),(2,1,'2023-03-26','2023-03-30','2023-03-27 04:07:01','2023-03-27 04:07:01'),(3,1,'2023-03-26','2023-03-09','2023-03-27 04:07:37','2023-03-27 04:07:37'),(4,1,'2023-03-26','2023-03-09','2023-03-27 04:08:01','2023-03-27 04:08:01'),(5,1,'2023-03-26','2023-03-30','2023-03-27 04:10:55','2023-03-27 04:10:55'),(6,1,'2023-03-26','2023-03-30','2023-03-27 04:11:13','2023-03-27 04:11:13'),(7,9,'2023-03-27','2023-03-30','2023-03-27 05:18:23','2023-03-27 05:18:23'),(8,11,'2023-03-27','2023-03-30','2023-03-27 05:18:34','2023-03-27 05:18:34'),(9,12,'2023-03-27','2023-03-30','2023-03-27 05:23:31','2023-03-27 05:23:31'),(10,12,'2023-03-27','2023-03-30','2023-03-27 05:23:37','2023-03-27 05:23:37'),(11,12,'2023-03-27','2023-03-30','2023-03-27 05:23:43','2023-03-27 05:23:43');
/*!40000 ALTER TABLE `borrowed_books` ENABLE KEYS */;
UNLOCK TABLES;

--
-- Table structure for table `editorials`
--

DROP TABLE IF EXISTS `editorials`;
/*!40101 SET @saved_cs_client     = @@character_set_client */;
/*!50503 SET character_set_client = utf8mb4 */;
CREATE TABLE `editorials` (
  `id` bigint unsigned NOT NULL AUTO_INCREMENT,
  `name` varchar(255) COLLATE utf8mb4_unicode_ci NOT NULL,
  `created_at` timestamp NULL DEFAULT NULL,
  `updated_at` timestamp NULL DEFAULT NULL,
  PRIMARY KEY (`id`)
) ENGINE=InnoDB AUTO_INCREMENT=770 DEFAULT CHARSET=utf8mb4 COLLATE=utf8mb4_unicode_ci;
/*!40101 SET character_set_client = @saved_cs_client */;

--
-- Dumping data for table `editorials`
--

LOCK TABLES `editorials` WRITE;
/*!40000 ALTER TABLE `editorials` DISABLE KEYS */;
INSERT INTO `editorials` VALUES (1,'A buen paso','2023-03-27 03:49:47','2023-03-27 03:49:47'),(2,'Abada Editores','2023-03-27 03:49:47','2023-03-27 03:49:47'),(3,'Absalon','2023-03-27 03:49:47','2023-03-27 03:49:47'),(4,'Acantilado','2023-03-27 03:49:47','2023-03-27 03:49:47'),(5,'Acanto','2023-03-27 03:49:47','2023-03-27 03:49:47'),(6,'ACCI','2023-03-27 03:49:47','2023-03-27 03:49:47'),(7,'ACCI con FEHM','2023-03-27 03:49:47','2023-03-27 03:49:47'),(8,'Acribia','2023-03-27 03:49:47','2023-03-27 03:49:47'),(9,'Actas','2023-03-27 03:49:47','2023-03-27 03:49:47'),(10,'Adams','2023-03-27 03:49:47','2023-03-27 03:49:47'),(11,'AdN','2023-03-27 03:49:47','2023-03-27 03:49:47'),(12,'Adriana Hidalgo Editora','2023-03-27 03:49:47','2023-03-27 03:49:47'),(13,'Aebius','2023-03-27 03:49:47','2023-03-27 03:49:47'),(14,'Aena','2023-03-27 03:49:47','2023-03-27 03:49:47'),(15,'Aenor','2023-03-27 03:49:47','2023-03-27 03:49:47'),(16,'Aguilar','2023-03-27 03:49:47','2023-03-27 03:49:47'),(17,'Aguilar Ocio','2023-03-27 03:49:47','2023-03-27 03:49:47'),(18,'Akal','2023-03-27 03:49:47','2023-03-27 03:49:47'),(19,'Akiara','2023-03-27 03:49:47','2023-03-27 03:49:47'),(20,'Alamut','2023-03-27 03:49:47','2023-03-27 03:49:47'),(21,'Alba','2023-03-27 03:49:47','2023-03-27 03:49:47'),(22,'Alberto Santos Editor','2023-03-27 03:49:47','2023-03-27 03:49:47'),(23,'Alcalá','2023-03-27 03:49:47','2023-03-27 03:49:47'),(24,'Alcañiz Fresnos Editores','2023-03-27 03:49:47','2023-03-27 03:49:47'),(25,'Aleta','2023-03-27 03:49:47','2023-03-27 03:49:47'),(26,'Alethé','2023-03-27 03:49:47','2023-03-27 03:49:47'),(27,'Alevosía','2023-03-27 03:49:47','2023-03-27 03:49:47'),(28,'Alfabia','2023-03-27 03:49:47','2023-03-27 03:49:47'),(29,'Alfaguara','2023-03-27 03:49:47','2023-03-27 03:49:47'),(30,'Alfaguara Infantil y Juvenil','2023-03-27 03:49:47','2023-03-27 03:49:47'),(31,'Alfar','2023-03-27 03:49:47','2023-03-27 03:49:47'),(32,'Algaida Editores','2023-03-27 03:49:47','2023-03-27 03:49:47'),(33,'Algar','2023-03-27 03:49:47','2023-03-27 03:49:47'),(34,'Alhena Media','2023-03-27 03:49:47','2023-03-27 03:49:47'),(35,'Alianza','2023-03-27 03:49:47','2023-03-27 03:49:47'),(36,'Alienta','2023-03-27 03:49:47','2023-03-27 03:49:47'),(37,'Aljibe','2023-03-27 03:49:47','2023-03-27 03:49:47'),(38,'Alma','2023-03-27 03:49:47','2023-03-27 03:49:47'),(39,'Almajara','2023-03-27 03:49:47','2023-03-27 03:49:47'),(40,'Almuzara','2023-03-27 03:49:47','2023-03-27 03:49:47'),(41,'Alrevés','2023-03-27 03:49:47','2023-03-27 03:49:47'),(42,'Altea','2023-03-27 03:49:47','2023-03-27 03:49:47'),(43,'Áltera','2023-03-27 03:49:47','2023-03-27 03:49:47'),(44,'Alpha Decay','2023-03-27 03:49:47','2023-03-27 03:49:47'),(45,'Alpina','2023-03-27 03:49:47','2023-03-27 03:49:47'),(46,'Altaïr','2023-03-27 03:49:47','2023-03-27 03:49:47'),(47,'Amanecer','2023-03-27 03:49:47','2023-03-27 03:49:47'),(48,'Amaníaco','2023-03-27 03:49:47','2023-03-27 03:49:47'),(49,'Amarrortu editores','2023-03-27 03:49:47','2023-03-27 03:49:47'),(50,'Amarú Ediciones','2023-03-27 03:49:47','2023-03-27 03:49:47'),(51,'Amazing Books','2023-03-27 03:49:47','2023-03-27 03:49:47'),(52,'Armaenia','2023-03-27 03:49:47','2023-03-27 03:49:47'),(53,'Anagrama','2023-03-27 03:49:47','2023-03-27 03:49:47'),(54,'Anaya Educación','2023-03-27 03:49:47','2023-03-27 03:49:47'),(55,'Anaya ELE','2023-03-27 03:49:47','2023-03-27 03:49:47'),(56,'Anaya Infantil y Juvenil','2023-03-27 03:49:47','2023-03-27 03:49:47'),(57,'Anaya Multimedia','2023-03-27 03:49:47','2023-03-27 03:49:47'),(58,'Anaya Touring','2023-03-27 03:49:47','2023-03-27 03:49:47'),(59,'Antígona','2023-03-27 03:49:47','2023-03-27 03:49:47'),(60,'Antoni Bosch Editor','2023-03-27 03:49:47','2023-03-27 03:49:47'),(61,'Apa Apa Cómics','2023-03-27 03:49:47','2023-03-27 03:49:47'),(62,'Apache Libros','2023-03-27 03:49:47','2023-03-27 03:49:47'),(63,'Apila Ediciones','2023-03-27 03:49:47','2023-03-27 03:49:47'),(64,'Arán','2023-03-27 03:49:47','2023-03-27 03:49:47'),(65,'Araña Editorial','2023-03-27 03:49:47','2023-03-27 03:49:47'),(66,'Arco/Libros','2023-03-27 03:49:47','2023-03-27 03:49:47'),(67,'Ardicia','2023-03-27 03:49:47','2023-03-27 03:49:47'),(68,'Arena Libros','2023-03-27 03:49:47','2023-03-27 03:49:47'),(69,'Ariane','2023-03-27 03:49:47','2023-03-27 03:49:47'),(70,'Ariel','2023-03-27 03:49:47','2023-03-27 03:49:47'),(71,'Arguval','2023-03-27 03:49:47','2023-03-27 03:49:47'),(72,'Arkano Books','2023-03-27 03:49:47','2023-03-27 03:49:47'),(73,'Armaenia','2023-03-27 03:49:47','2023-03-27 03:49:47'),(74,'Arpa','2023-03-27 03:49:47','2023-03-27 03:49:47'),(75,'Arquia','2023-03-27 03:49:47','2023-03-27 03:49:47'),(76,'Artistas Martínez','2023-03-27 03:49:47','2023-03-27 03:49:47'),(77,'Astiberri','2023-03-27 03:49:47','2023-03-27 03:49:47'),(78,'Athenaica','2023-03-27 03:49:47','2023-03-27 03:49:47'),(79,'Atlanta','2023-03-27 03:49:47','2023-03-27 03:49:47'),(80,'Atrapada','2023-03-27 03:49:47','2023-03-27 03:49:47'),(81,'Austral','2023-03-27 03:49:47','2023-03-27 03:49:47'),(82,'Ático de los libros','2023-03-27 03:49:47','2023-03-27 03:49:47'),(83,'Atlantis','2023-03-27 03:49:47','2023-03-27 03:49:47'),(84,'Automática','2023-03-27 03:49:47','2023-03-27 03:49:47'),(85,'Avenauta','2023-03-27 03:49:47','2023-03-27 03:49:47'),(86,'B de Block','2023-03-27 03:49:47','2023-03-27 03:49:47'),(87,'B de Bolsillo','2023-03-27 03:49:47','2023-03-27 03:49:47'),(88,'B de Books','2023-03-27 03:49:47','2023-03-27 03:49:47'),(89,'Babylon','2023-03-27 03:49:47','2023-03-27 03:49:47'),(90,'Bagua','2023-03-27 03:49:47','2023-03-27 03:49:47'),(91,'Bainet','2023-03-27 03:49:47','2023-03-27 03:49:47'),(92,'Bambú','2023-03-27 03:49:47','2023-03-27 03:49:47'),(93,'Bang','2023-03-27 03:49:47','2023-03-27 03:49:47'),(94,'Barbara Fiore Editora','2023-03-27 03:49:47','2023-03-27 03:49:47'),(95,'Bartleby Editores','2023-03-27 03:49:47','2023-03-27 03:49:47'),(96,'Base','2023-03-27 03:49:47','2023-03-27 03:49:47'),(97,'Beascoa','2023-03-27 03:49:47','2023-03-27 03:49:47'),(98,'Bellaterra Música','2023-03-27 03:49:47','2023-03-27 03:49:47'),(99,'Bestia Negra','2023-03-27 03:49:47','2023-03-27 03:49:47'),(100,'Beta, Ediciones','2023-03-27 03:49:47','2023-03-27 03:49:47'),(101,'Beta Editorial','2023-03-27 03:49:47','2023-03-27 03:49:47'),(102,'BiblioGemma','2023-03-27 03:49:47','2023-03-27 03:49:47'),(103,'Biblioteca Deliberar','2023-03-27 03:49:47','2023-03-27 03:49:47'),(104,'Biblioteca Nueva','2023-03-27 03:49:47','2023-03-27 03:49:47'),(105,'Blackie Books','2023-03-27 03:49:47','2023-03-27 03:49:47'),(106,'BlackList','2023-03-27 03:49:47','2023-03-27 03:49:47'),(107,'Blume','2023-03-27 03:49:47','2023-03-27 03:49:47'),(108,'Boileau','2023-03-27 03:49:47','2023-03-27 03:49:47'),(109,'Boira','2023-03-27 03:49:47','2023-03-27 03:49:47'),(110,'Booket','2023-03-27 03:49:47','2023-03-27 03:49:47'),(111,'Bookolia','2023-03-27 03:49:47','2023-03-27 03:49:47'),(112,'Books4pocket','2023-03-27 03:49:47','2023-03-27 03:49:47'),(113,'Boreal','2023-03-27 03:49:47','2023-03-27 03:49:47'),(114,'Bóveda','2023-03-27 03:49:47','2023-03-27 03:49:47'),(115,'Bridge','2023-03-27 03:49:47','2023-03-27 03:49:47'),(116,'Brief','2023-03-27 03:49:47','2023-03-27 03:49:47'),(117,'Bruguera','2023-03-27 03:49:47','2023-03-27 03:49:47'),(118,'Bruño Educación','2023-03-27 03:49:47','2023-03-27 03:49:47'),(119,'Bruño Publicaciones Generales','2023-03-27 03:49:47','2023-03-27 03:49:47'),(120,'Bululú','2023-03-27 03:49:47','2023-03-27 03:49:47'),(121,'Caballo de Troya','2023-03-27 03:49:47','2023-03-27 03:49:47'),(122,'Cabaret Voltaire','2023-03-27 03:49:47','2023-03-27 03:49:47'),(123,'Caelus','2023-03-27 03:49:47','2023-03-27 03:49:47'),(124,'Café con leche','2023-03-27 03:49:47','2023-03-27 03:49:47'),(125,'Caïrel','2023-03-27 03:49:47','2023-03-27 03:49:47'),(126,'Calambur','2023-03-27 03:49:47','2023-03-27 03:49:47'),(127,'Cálamo','2023-03-27 03:49:47','2023-03-27 03:49:47'),(128,'Campgràfic','2023-03-27 03:49:47','2023-03-27 03:49:47'),(129,'Candaya','2023-03-27 03:49:47','2023-03-27 03:49:47'),(130,'Carambuco Ediciones','2023-03-27 03:49:47','2023-03-27 03:49:47'),(131,'Carena','2023-03-27 03:49:47','2023-03-27 03:49:47'),(132,'Casals','2023-03-27 03:49:47','2023-03-27 03:49:47'),(133,'Casiopea','2023-03-27 03:49:47','2023-03-27 03:49:47'),(134,'Catarata','2023-03-27 03:49:47','2023-03-27 03:49:47'),(135,'Cátedra','2023-03-27 03:49:47','2023-03-27 03:49:47'),(136,'Catedral','2023-03-27 03:49:47','2023-03-27 03:49:47'),(137,'Caudal','2023-03-27 03:49:47','2023-03-27 03:49:47'),(138,'Cazador de ratas','2023-03-27 03:49:47','2023-03-27 03:49:47'),(139,'CCS','2023-03-27 03:49:47','2023-03-27 03:49:47'),(140,'CEEH','2023-03-27 03:49:47','2023-03-27 03:49:47'),(141,'CEF','2023-03-27 03:49:47','2023-03-27 03:49:47'),(142,'CEP','2023-03-27 03:49:47','2023-03-27 03:49:47'),(143,'CERASA','2023-03-27 03:49:47','2023-03-27 03:49:47'),(144,'Cerbero','2023-03-27 03:49:47','2023-03-27 03:49:47'),(145,'Cetea Ediciones','2023-03-27 03:49:47','2023-03-27 03:49:47'),(146,'Cinco tintas','2023-03-27 03:49:47','2023-03-27 03:49:47'),(147,'Cinter','2023-03-27 03:49:47','2023-03-27 03:49:47'),(148,'Círculo','2023-03-27 03:49:47','2023-03-27 03:49:47'),(149,'Cisma','2023-03-27 03:49:47','2023-03-27 03:49:47'),(150,'Cisne','2023-03-27 03:49:47','2023-03-27 03:49:47'),(151,'Ciudad de libros','2023-03-27 03:49:47','2023-03-27 03:49:47'),(152,'Ciudad nueva','2023-03-27 03:49:47','2023-03-27 03:49:47'),(153,'Clan','2023-03-27 03:49:47','2023-03-27 03:49:47'),(154,'Clave Intelectual','2023-03-27 03:49:47','2023-03-27 03:49:47'),(155,'Click','2023-03-27 03:49:47','2023-03-27 03:49:47'),(156,'Clie','2023-03-27 03:49:47','2023-03-27 03:49:47'),(157,'Cliper','2023-03-27 03:49:47','2023-03-27 03:49:47'),(158,'CLP','2023-03-27 03:49:47','2023-03-27 03:49:47'),(159,'Coco Books','2023-03-27 03:49:47','2023-03-27 03:49:47'),(160,'Colex','2023-03-27 03:49:47','2023-03-27 03:49:47'),(161,'Collins','2023-03-27 03:49:47','2023-03-27 03:49:47'),(162,'Combel','2023-03-27 03:49:47','2023-03-27 03:49:47'),(163,'Complutense, Ediciones','2023-03-27 03:49:47','2023-03-27 03:49:47'),(164,'Comunicación Social','2023-03-27 03:49:47','2023-03-27 03:49:47'),(165,'Conecta','2023-03-27 03:49:47','2023-03-27 03:49:47'),(166,'Confluencias','2023-03-27 03:49:47','2023-03-27 03:49:47'),(167,'Consonni','2023-03-27 03:49:47','2023-03-27 03:49:47'),(168,'Contra','2023-03-27 03:49:47','2023-03-27 03:49:47'),(169,'Corimbo','2023-03-27 03:49:47','2023-03-27 03:49:47'),(170,'Corín Tellado, Ediciones','2023-03-27 03:49:47','2023-03-27 03:49:47'),(171,'Córner','2023-03-27 03:49:47','2023-03-27 03:49:47'),(172,'Creación','2023-03-27 03:49:47','2023-03-27 03:49:47'),(173,'Cristiandad, Ediciones','2023-03-27 03:49:47','2023-03-27 03:49:47'),(174,'Crítica','2023-03-27 03:49:47','2023-03-27 03:49:47'),(175,'Crononauta','2023-03-27 03:49:47','2023-03-27 03:49:47'),(176,'CSIC','2023-03-27 03:49:47','2023-03-27 03:49:47'),(177,'Cuadernos del laberinto','2023-03-27 03:49:47','2023-03-27 03:49:47'),(178,'Cuadernos del vigía','2023-03-27 03:49:47','2023-03-27 03:49:47'),(179,'Cuanto te quiero','2023-03-27 03:49:47','2023-03-27 03:49:47'),(180,'Cuento de Luz','2023-03-27 03:49:47','2023-03-27 03:49:47'),(181,'Cydonia','2023-03-27 03:49:47','2023-03-27 03:49:47'),(182,'Daly','2023-03-27 03:49:47','2023-03-27 03:49:47'),(183,'Dardo','2023-03-27 03:49:47','2023-03-27 03:49:47'),(184,'Dastin','2023-03-27 03:49:47','2023-03-27 03:49:47'),(185,'Dauro','2023-03-27 03:49:47','2023-03-27 03:49:47'),(186,'De Librum Tremens','2023-03-27 03:49:47','2023-03-27 03:49:47'),(187,'Debate','2023-03-27 03:49:47','2023-03-27 03:49:47'),(188,'Debolsillo','2023-03-27 03:49:47','2023-03-27 03:49:47'),(189,'Defausta','2023-03-27 03:49:47','2023-03-27 03:49:47'),(190,'Del Nuevo Extremo','2023-03-27 03:49:47','2023-03-27 03:49:47'),(191,'Delirio','2023-03-27 03:49:47','2023-03-27 03:49:47'),(192,'Desclée de Brouwer','2023-03-27 03:49:47','2023-03-27 03:49:47'),(193,'Demipage','2023-03-27 03:49:47','2023-03-27 03:49:47'),(194,'Descrito','2023-03-27 03:49:47','2023-03-27 03:49:47'),(195,'Desperta Ferro','2023-03-27 03:49:47','2023-03-27 03:49:47'),(196,'Destino','2023-03-27 03:49:47','2023-03-27 03:49:47'),(197,'Destino Infantil & Juvenil','2023-03-27 03:49:47','2023-03-27 03:49:47'),(198,'Época','2023-03-27 03:49:47','2023-03-27 03:49:47'),(199,'Desnivel','2023-03-27 03:49:47','2023-03-27 03:49:47'),(200,'Deusto','2023-03-27 03:49:47','2023-03-27 03:49:47'),(201,'Deusto Publicaciones','2023-03-27 03:49:47','2023-03-27 03:49:47'),(202,'Devir','2023-03-27 03:49:47','2023-03-27 03:49:47'),(203,'Dharma','2023-03-27 03:49:47','2023-03-27 03:49:47'),(204,'Diábolo Ediciones','2023-03-27 03:49:47','2023-03-27 03:49:47'),(205,'Diada','2023-03-27 03:49:47','2023-03-27 03:49:47'),(206,'Diálogo','2023-03-27 03:49:47','2023-03-27 03:49:47'),(207,'Dibbuks','2023-03-27 03:49:47','2023-03-27 03:49:47'),(208,'Diego Pun','2023-03-27 03:49:47','2023-03-27 03:49:47'),(209,'Diëresis','2023-03-27 03:49:47','2023-03-27 03:49:47'),(210,'Difácil','2023-03-27 03:49:47','2023-03-27 03:49:47'),(211,'Difusión','2023-03-27 03:49:47','2023-03-27 03:49:47'),(212,'Difusora de letras','2023-03-27 03:49:47','2023-03-27 03:49:47'),(213,'Dilatando mentes','2023-03-27 03:49:47','2023-03-27 03:49:47'),(214,'Dioptrías','2023-03-27 03:49:47','2023-03-27 03:49:47'),(215,'Diquesí','2023-03-27 03:49:47','2023-03-27 03:49:47'),(216,'Dirty Works','2023-03-27 03:49:47','2023-03-27 03:49:47'),(217,'DK','2023-03-27 03:49:47','2023-03-27 03:49:47'),(218,'Doce Calles','2023-03-27 03:49:47','2023-03-27 03:49:47'),(219,'Doblerre','2023-03-27 03:49:47','2023-03-27 03:49:47'),(220,'Dojo Ediciones','2023-03-27 03:49:47','2023-03-27 03:49:47'),(221,'Dokosou','2023-03-27 03:49:47','2023-03-27 03:49:47'),(222,'Dolmen Editorial','2023-03-27 03:49:47','2023-03-27 03:49:47'),(223,'Dorna','2023-03-27 03:49:47','2023-03-27 03:49:47'),(224,'Drac','2023-03-27 03:49:47','2023-03-27 03:49:47'),(225,'Drakul','2023-03-27 03:49:47','2023-03-27 03:49:47'),(226,'Duermevela Ediciones','2023-03-27 03:49:47','2023-03-27 03:49:47'),(227,'Duomo Ediciones','2023-03-27 03:49:47','2023-03-27 03:49:47'),(228,'Dykinson','2023-03-27 03:49:47','2023-03-27 03:49:47'),(229,'Dylar','2023-03-27 03:49:47','2023-03-27 03:49:47'),(230,'Ecobook','2023-03-27 03:49:47','2023-03-27 03:49:47'),(231,'ECOE Ediciones','2023-03-27 03:49:47','2023-03-27 03:49:47'),(232,'ED Libros','2023-03-27 03:49:47','2023-03-27 03:49:47'),(233,'EDA libros','2023-03-27 03:49:47','2023-03-27 03:49:47'),(234,'Edaf','2023-03-27 03:49:47','2023-03-27 03:49:47'),(235,'Edebé','2023-03-27 03:49:47','2023-03-27 03:49:47'),(236,'Edelsa','2023-03-27 03:49:47','2023-03-27 03:49:47'),(237,'Edelvives','2023-03-27 03:49:47','2023-03-27 03:49:47'),(238,'Edex','2023-03-27 03:49:47','2023-03-27 03:49:47'),(239,'Edhasa','2023-03-27 03:49:47','2023-03-27 03:49:47'),(240,'Ediasa','2023-03-27 03:49:47','2023-03-27 03:49:47'),(241,'Edibesa','2023-03-27 03:49:47','2023-03-27 03:49:47'),(242,'Ediciones 19','2023-03-27 03:49:47','2023-03-27 03:49:47'),(243,'Ediciones B','2023-03-27 03:49:47','2023-03-27 03:49:47'),(244,'Ediciones de la Torre','2023-03-27 03:49:47','2023-03-27 03:49:47'),(245,'Ediciones del viento','2023-03-27 03:49:47','2023-03-27 03:49:47'),(246,'Ediciones & Escultura Histórica','2023-03-27 03:49:47','2023-03-27 03:49:47'),(247,'Edigol','2023-03-27 03:49:47','2023-03-27 03:49:47'),(248,'Edigrama','2023-03-27 03:49:47','2023-03-27 03:49:47'),(249,'Edimat','2023-03-27 03:49:47','2023-03-27 03:49:47'),(250,'Edinumen','2023-03-27 03:49:47','2023-03-27 03:49:47'),(251,'Editex','2023-03-27 03:49:47','2023-03-27 03:49:47'),(252,'Editum','2023-03-27 03:49:47','2023-03-27 03:49:47'),(253,'EDL','2023-03-27 03:49:47','2023-03-27 03:49:47'),(254,'EFL','2023-03-27 03:49:47','2023-03-27 03:49:47'),(255,'Eikon','2023-03-27 03:49:47','2023-03-27 03:49:47'),(256,'Eirene','2023-03-27 03:49:47','2023-03-27 03:49:47'),(257,'Ekaré','2023-03-27 03:49:47','2023-03-27 03:49:47'),(258,'El Aleph Editores','2023-03-27 03:49:47','2023-03-27 03:49:47'),(259,'El Croquis','2023-03-27 03:49:47','2023-03-27 03:49:47'),(260,'El Nadir','2023-03-27 03:49:48','2023-03-27 03:49:48'),(261,'El Rompecabezas','2023-03-27 03:49:48','2023-03-27 03:49:48'),(262,'El senderista','2023-03-27 03:49:48','2023-03-27 03:49:48'),(263,'El transbordador','2023-03-27 03:49:48','2023-03-27 03:49:48'),(264,'Electa','2023-03-27 03:49:48','2023-03-27 03:49:48'),(265,'Eleftheria','2023-03-27 03:49:48','2023-03-27 03:49:48'),(266,'Emecé Editores','2023-03-27 03:49:48','2023-03-27 03:49:48'),(267,'Empresa activa','2023-03-27 03:49:48','2023-03-27 03:49:48'),(268,'enClave-ELE','2023-03-27 03:49:48','2023-03-27 03:49:48'),(269,'Encuentro','2023-03-27 03:49:48','2023-03-27 03:49:48'),(270,'Eneida','2023-03-27 03:49:48','2023-03-27 03:49:48'),(271,'Enfermería 21','2023-03-27 03:49:48','2023-03-27 03:49:48'),(272,'Entorno Gráfico','2023-03-27 03:49:48','2023-03-27 03:49:48'),(273,'Entramat','2023-03-27 03:49:48','2023-03-27 03:49:48'),(274,'Entre líneas Editores','2023-03-27 03:49:48','2023-03-27 03:49:48'),(275,'Éride','2023-03-27 03:49:48','2023-03-27 03:49:48'),(276,'Errata Naturae','2023-03-27 03:49:48','2023-03-27 03:49:48'),(277,'Es Pop','2023-03-27 03:49:48','2023-03-27 03:49:48'),(278,'Escarlata Ediciones','2023-03-27 03:49:48','2023-03-27 03:49:48'),(279,'Esdrújula','2023-03-27 03:49:48','2023-03-27 03:49:48'),(280,'Esencia','2023-03-27 03:49:48','2023-03-27 03:49:48'),(281,'ESIC','2023-03-27 03:49:48','2023-03-27 03:49:48'),(282,'Espacio Cultura Editores','2023-03-27 03:49:48','2023-03-27 03:49:48'),(283,'Espasa','2023-03-27 03:49:48','2023-03-27 03:49:48'),(284,'Espasa Infantil','2023-03-27 03:49:48','2023-03-27 03:49:48'),(285,'Espiritualidad','2023-03-27 03:49:48','2023-03-27 03:49:48'),(286,'Espuela de Plata','2023-03-27 03:49:48','2023-03-27 03:49:48'),(287,'Esqueleto negro','2023-03-27 03:49:48','2023-03-27 03:49:48'),(288,'EUNSA','2023-03-27 03:49:48','2023-03-27 03:49:48'),(289,'Experiencia','2023-03-27 03:49:48','2023-03-27 03:49:48'),(290,'Faktoría K de Libros','2023-03-27 03:49:48','2023-03-27 03:49:48'),(291,'FAL','2023-03-27 03:49:48','2023-03-27 03:49:48'),(292,'Fantascy','2023-03-27 03:49:48','2023-03-27 03:49:48'),(293,'FCEDE','2023-03-27 03:49:48','2023-03-27 03:49:48'),(294,'Fineo','2023-03-27 03:49:48','2023-03-27 03:49:48'),(295,'Flamboyant','2023-03-27 03:49:48','2023-03-27 03:49:48'),(296,'Flash','2023-03-27 03:49:48','2023-03-27 03:49:48'),(297,'Flow Press','2023-03-27 03:49:48','2023-03-27 03:49:48'),(298,'Fórcola','2023-03-27 03:49:48','2023-03-27 03:49:48'),(299,'Formación Alcalá','2023-03-27 03:49:48','2023-03-27 03:49:48'),(300,'Fortuna, Ediciones','2023-03-27 03:49:48','2023-03-27 03:49:48'),(301,'Franciscanas Arantzazu, Ediciones','2023-03-27 03:49:48','2023-03-27 03:49:48'),(302,'Freya, Ediciones','2023-03-27 03:49:48','2023-03-27 03:49:48'),(303,'Fulgencio Pimentel','2023-03-27 03:49:48','2023-03-27 03:49:48'),(304,'Funambulista','2023-03-27 03:49:48','2023-03-27 03:49:48'),(305,'Fundación Anastasio de Gracia','2023-03-27 03:49:48','2023-03-27 03:49:48'),(306,'Fundación Bamberg','2023-03-27 03:49:48','2023-03-27 03:49:48'),(307,'Fundación José Antonio de Castro','2023-03-27 03:49:48','2023-03-27 03:49:48'),(308,'Fundación José Manuel Lara','2023-03-27 03:49:48','2023-03-27 03:49:48'),(309,'Fundación Málaga','2023-03-27 03:49:48','2023-03-27 03:49:48'),(310,'Fundación Pablo Iglesias','2023-03-27 03:49:48','2023-03-27 03:49:48'),(311,'Fundación Santa María La Real','2023-03-27 03:49:48','2023-03-27 03:49:48'),(312,'Fundación SGAE','2023-03-27 03:49:48','2023-03-27 03:49:48'),(313,'Fundamentos','2023-03-27 03:49:48','2023-03-27 03:49:48'),(314,'GAESA, Ediciones','2023-03-27 03:49:48','2023-03-27 03:49:48'),(315,'Gaia','2023-03-27 03:49:48','2023-03-27 03:49:48'),(316,'Gadir','2023-03-27 03:49:48','2023-03-27 03:49:48'),(317,'Gakoa','2023-03-27 03:49:48','2023-03-27 03:49:48'),(318,'Galaxia Gutenberg','2023-03-27 03:49:48','2023-03-27 03:49:48'),(319,'GaliNova','2023-03-27 03:49:48','2023-03-27 03:49:48'),(320,'Gallo Nero','2023-03-27 03:49:48','2023-03-27 03:49:48'),(321,'Garceta','2023-03-27 03:49:48','2023-03-27 03:49:48'),(322,'Gatopardo','2023-03-27 03:49:48','2023-03-27 03:49:48'),(323,'Gedisa','2023-03-27 03:49:48','2023-03-27 03:49:48'),(324,'GeoPlaneta','2023-03-27 03:49:48','2023-03-27 03:49:48'),(325,'Gestión 2000','2023-03-27 03:49:48','2023-03-27 03:49:48'),(326,'GEU Editorial','2023-03-27 03:49:48','2023-03-27 03:49:48'),(327,'Gigamesh','2023-03-27 03:49:48','2023-03-27 03:49:48'),(328,'Glyphos','2023-03-27 03:49:48','2023-03-27 03:49:48'),(329,'Good Books','2023-03-27 03:49:48','2023-03-27 03:49:48'),(330,'GPS, Ediciones','2023-03-27 03:49:48','2023-03-27 03:49:48'),(331,'Gradiva','2023-03-27 03:49:48','2023-03-27 03:49:48'),(332,'Grafito','2023-03-27 03:49:48','2023-03-27 03:49:48'),(333,'Gran Travesía','2023-03-27 03:49:48','2023-03-27 03:49:48'),(334,'Graó','2023-03-27 03:49:48','2023-03-27 03:49:48'),(335,'Gredos','2023-03-27 03:49:48','2023-03-27 03:49:48'),(336,'Grijalbo','2023-03-27 03:49:48','2023-03-27 03:49:48'),(337,'Grijalbo Ilustrados','2023-03-27 03:49:48','2023-03-27 03:49:48'),(338,'Grupo Cero','2023-03-27 03:49:48','2023-03-27 03:49:48'),(339,'Guía Burros','2023-03-27 03:49:48','2023-03-27 03:49:48'),(340,'Guillermo Escolar || Editor','2023-03-27 03:49:48','2023-03-27 03:49:48'),(341,'Gulaab','2023-03-27 03:49:48','2023-03-27 03:49:48'),(342,'Gustavo Gili','2023-03-27 03:49:48','2023-03-27 03:49:48'),(343,'Hachette Héroes','2023-03-27 03:49:48','2023-03-27 03:49:48'),(344,'Harlequín','2023-03-27 03:49:48','2023-03-27 03:49:48'),(345,'Harper Collins','2023-03-27 03:49:48','2023-03-27 03:49:48'),(346,'Harper Kids','2023-03-27 03:49:48','2023-03-27 03:49:48'),(347,'Hati','2023-03-27 03:49:48','2023-03-27 03:49:48'),(348,'Hela','2023-03-27 03:49:48','2023-03-27 03:49:48'),(349,'Hélice','2023-03-27 03:49:48','2023-03-27 03:49:48'),(350,'Hércules de Ediciones','2023-03-27 03:49:48','2023-03-27 03:49:48'),(351,'Herder','2023-03-27 03:49:48','2023-03-27 03:49:48'),(352,'Hermenaute','2023-03-27 03:49:48','2023-03-27 03:49:48'),(353,'Hermida Editores','2023-03-27 03:49:48','2023-03-27 03:49:48'),(354,'Hidra','2023-03-27 03:49:48','2023-03-27 03:49:48'),(355,'Hiperión','2023-03-27 03:49:48','2023-03-27 03:49:48'),(356,'Hispano Europea','2023-03-27 03:49:48','2023-03-27 03:49:48'),(357,'Hoja de lata','2023-03-27 03:49:48','2023-03-27 03:49:48'),(358,'HQN','2023-03-27 03:49:48','2023-03-27 03:49:48'),(359,'HQÑ','2023-03-27 03:49:48','2023-03-27 03:49:48'),(360,'Huerga & Fierro','2023-03-27 03:49:48','2023-03-27 03:49:48'),(361,'Huevo Cósmico','2023-03-27 03:49:48','2023-03-27 03:49:48'),(362,'Huso','2023-03-27 03:49:48','2023-03-27 03:49:48'),(363,'Iberia','2023-03-27 03:49:48','2023-03-27 03:49:48'),(364,'Iberoamericana / Vervuert','2023-03-27 03:49:48','2023-03-27 03:49:48'),(365,'Iberlibro','2023-03-27 03:49:48','2023-03-27 03:49:48'),(366,'Iberoamericana Vervuert','2023-03-27 03:49:48','2023-03-27 03:49:48'),(367,'IC Editorial','2023-03-27 03:49:48','2023-03-27 03:49:48'),(368,'Icaria','2023-03-27 03:49:48','2023-03-27 03:49:48'),(369,'ICB Book','2023-03-27 03:49:48','2023-03-27 03:49:48'),(370,'ICCE','2023-03-27 03:49:48','2023-03-27 03:49:48'),(371,'Idampa','2023-03-27 03:49:48','2023-03-27 03:49:48'),(372,'Ideas Propias','2023-03-27 03:49:48','2023-03-27 03:49:48'),(373,'Ifeelbook','2023-03-27 03:49:48','2023-03-27 03:49:48'),(374,'Ilusbooks','2023-03-27 03:49:48','2023-03-27 03:49:48'),(375,'Imágica','2023-03-27 03:49:48','2023-03-27 03:49:48'),(376,'Impedimenta','2023-03-27 03:49:48','2023-03-27 03:49:48'),(377,'Inde','2023-03-27 03:49:48','2023-03-27 03:49:48'),(378,'Indicios','2023-03-27 03:49:48','2023-03-27 03:49:48'),(379,'ING Edicions','2023-03-27 03:49:48','2023-03-27 03:49:48'),(380,'Insólita Editorial','2023-03-27 03:49:48','2023-03-27 03:49:48'),(381,'Integral','2023-03-27 03:49:48','2023-03-27 03:49:48'),(382,'Instituto de Estudios Económicos','2023-03-27 03:49:48','2023-03-27 03:49:48'),(383,'Instituto de Orientación Psicológica','2023-03-27 03:49:48','2023-03-27 03:49:48'),(384,'Interfolio','2023-03-27 03:49:48','2023-03-27 03:49:48'),(385,'Irreverentes','2023-03-27 03:49:48','2023-03-27 03:49:48'),(386,'Istarduk Ediciones','2023-03-27 03:49:48','2023-03-27 03:49:48'),(387,'Iustel','2023-03-27 03:49:48','2023-03-27 03:49:48'),(388,'Jabalí','2023-03-27 03:49:48','2023-03-27 03:49:48'),(389,'Jaguar, Ediciones','2023-03-27 03:49:48','2023-03-27 03:49:48'),(390,'JC, Ediciones','2023-03-27 03:49:48','2023-03-27 03:49:48'),(391,'Jus','2023-03-27 03:49:48','2023-03-27 03:49:48'),(392,'Juventud','2023-03-27 03:49:48','2023-03-27 03:49:48'),(393,'Kailas','2023-03-27 03:49:48','2023-03-27 03:49:48'),(394,'Kairós','2023-03-27 03:49:48','2023-03-27 03:49:48'),(395,'Kakao Books','2023-03-27 03:49:48','2023-03-27 03:49:48'),(396,'Kalandraka','2023-03-27 03:49:48','2023-03-27 03:49:48'),(397,'Karma 7','2023-03-27 03:49:48','2023-03-27 03:49:48'),(398,'Katz','2023-03-27 03:49:48','2023-03-27 03:49:48'),(399,'Kepler','2023-03-27 03:49:48','2023-03-27 03:49:48'),(400,'Kitsune Books','2023-03-27 03:49:48','2023-03-27 03:49:48'),(401,'Kiwi','2023-03-27 03:49:48','2023-03-27 03:49:48'),(402,'KNS Ediciones','2023-03-27 03:49:48','2023-03-27 03:49:48'),(403,'Kókinos','2023-03-27 03:49:48','2023-03-27 03:49:48'),(404,'Kolima','2023-03-27 03:49:48','2023-03-27 03:49:48'),(405,'Kraken','2023-03-27 03:49:48','2023-03-27 03:49:48'),(406,'La Bella Varsovia','2023-03-27 03:49:48','2023-03-27 03:49:48'),(407,'La biblioteca de Carfax','2023-03-27 03:49:48','2023-03-27 03:49:48'),(408,'La Calle','2023-03-27 03:49:48','2023-03-27 03:49:48'),(409,'La Cúpula','2023-03-27 03:49:48','2023-03-27 03:49:48'),(410,'La Dragona','2023-03-27 03:49:48','2023-03-27 03:49:48'),(411,'La esfera de los libros','2023-03-27 03:49:48','2023-03-27 03:49:48'),(412,'La Fábrica','2023-03-27 03:49:48','2023-03-27 03:49:48'),(413,'La Felguera','2023-03-27 03:49:48','2023-03-27 03:49:48'),(414,'La Fertilidad de la Tierra','2023-03-27 03:49:48','2023-03-27 03:49:48'),(415,'La Fuga','2023-03-27 03:49:48','2023-03-27 03:49:48'),(416,'La Galera','2023-03-27 03:49:48','2023-03-27 03:49:48'),(417,'La Guarida','2023-03-27 03:49:48','2023-03-27 03:49:48'),(418,'La huerta grande','2023-03-27 03:49:48','2023-03-27 03:49:48'),(419,'La librería','2023-03-27 03:49:48','2023-03-27 03:49:48'),(420,'La línea del horizonte','2023-03-27 03:49:48','2023-03-27 03:49:48'),(421,'La máquina que hace PING!','2023-03-27 03:49:48','2023-03-27 03:49:48'),(422,'La Muralla','2023-03-27 03:49:48','2023-03-27 03:49:48'),(423,'La navaja suiza','2023-03-27 03:49:48','2023-03-27 03:49:48'),(424,'La Oficina de Arte y Ediciones','2023-03-27 03:49:48','2023-03-27 03:49:48'),(425,'La oveja roja','2023-03-27 03:49:48','2023-03-27 03:49:48'),(426,'La palma','2023-03-27 03:49:48','2023-03-27 03:49:48'),(427,'La poesía mancha','2023-03-27 03:49:48','2023-03-27 03:49:48'),(428,'La señora Dalloway','2023-03-27 03:49:48','2023-03-27 03:49:48'),(429,'La Tribu','2023-03-27 03:49:48','2023-03-27 03:49:48'),(430,'La umbría y la solana','2023-03-27 03:49:48','2023-03-27 03:49:48'),(431,'La uña rota','2023-03-27 03:49:48','2023-03-27 03:49:48'),(432,'Laberinto','2023-03-27 03:49:48','2023-03-27 03:49:48'),(433,'Labnar, Ediciones','2023-03-27 03:49:48','2023-03-27 03:49:48'),(434,'Laertes','2023-03-27 03:49:48','2023-03-27 03:49:48'),(435,'Larousse','2023-03-27 03:49:48','2023-03-27 03:49:48'),(436,'Lata de sal','2023-03-27 03:49:48','2023-03-27 03:49:48'),(437,'Lectura Plus','2023-03-27 03:49:48','2023-03-27 03:49:48'),(438,'Lengua de trapo','2023-03-27 03:49:48','2023-03-27 03:49:48'),(439,'LES Editorial','2023-03-27 03:49:48','2023-03-27 03:49:48'),(440,'Liber Factory','2023-03-27 03:49:48','2023-03-27 03:49:48'),(441,'Libertarias','2023-03-27 03:49:48','2023-03-27 03:49:48'),(442,'Libre Albedrío','2023-03-27 03:49:48','2023-03-27 03:49:48'),(443,'Librooks','2023-03-27 03:49:48','2023-03-27 03:49:48'),(444,'Libros Cúpula','2023-03-27 03:49:48','2023-03-27 03:49:48'),(445,'Libros de Cabecera','2023-03-27 03:49:48','2023-03-27 03:49:48'),(446,'Libros del Asteroide','2023-03-27 03:49:48','2023-03-27 03:49:48'),(447,'Libros del K.O.','2023-03-27 03:49:48','2023-03-27 03:49:48'),(448,'Libros de la ballena','2023-03-27 03:49:48','2023-03-27 03:49:48'),(449,'Libros de seda','2023-03-27 03:49:48','2023-03-27 03:49:48'),(450,'Libros Disney','2023-03-27 03:49:48','2023-03-27 03:49:48'),(451,'Libros Libres','2023-03-27 03:49:48','2023-03-27 03:49:48'),(452,'Libsa','2023-03-27 03:49:48','2023-03-27 03:49:48'),(453,'LID Editorial','2023-03-27 03:49:48','2023-03-27 03:49:48'),(454,'Lince','2023-03-27 03:49:48','2023-03-27 03:49:48'),(455,'Linteo','2023-03-27 03:49:48','2023-03-27 03:49:48'),(456,'Litera','2023-03-27 03:49:48','2023-03-27 03:49:48'),(457,'Literatura Random House','2023-03-27 03:49:48','2023-03-27 03:49:48'),(458,'Lo que leo','2023-03-27 03:49:48','2023-03-27 03:49:48'),(459,'Lóguez Ediciones','2023-03-27 03:49:48','2023-03-27 03:49:48'),(460,'Loyola','2023-03-27 03:49:48','2023-03-27 03:49:48'),(461,'Los cuatro azules','2023-03-27 03:49:48','2023-03-27 03:49:48'),(462,'Lu','2023-03-27 03:49:48','2023-03-27 03:49:48'),(463,'Luciérnaga, Ediciones','2023-03-27 03:49:48','2023-03-27 03:49:48'),(464,'Luis Cárcamo','2023-03-27 03:49:48','2023-03-27 03:49:48'),(465,'Lumen','2023-03-27 03:49:48','2023-03-27 03:49:48'),(466,'Lumen Infantil','2023-03-27 03:49:48','2023-03-27 03:49:48'),(467,'Lunwerg Editores','2023-03-27 03:49:48','2023-03-27 03:49:48'),(468,'Lxl Editorial','2023-03-27 03:49:48','2023-03-27 03:49:48'),(469,'M. Moleiro Editor','2023-03-27 03:49:48','2023-03-27 03:49:48'),(470,'Ma non troppo','2023-03-27 03:49:48','2023-03-27 03:49:48'),(471,'Macmillan','2023-03-27 03:49:48','2023-03-27 03:49:48'),(472,'Maeva','2023-03-27 03:49:48','2023-03-27 03:49:48'),(473,'Malpaso','2023-03-27 03:49:48','2023-03-27 03:49:48'),(474,'Mamut Cómics','2023-03-27 03:49:48','2023-03-27 03:49:48'),(475,'Marban Libros','2023-03-27 03:49:48','2023-03-27 03:49:48'),(476,'Marcial Pons, Ediciones Jurídicas y Sociales','2023-03-27 03:49:48','2023-03-27 03:49:48'),(477,'Marcial Pons, Ediciones de Historia','2023-03-27 03:49:48','2023-03-27 03:49:48'),(478,'Marcombo','2023-03-27 03:49:48','2023-03-27 03:49:48'),(479,'Mármara','2023-03-27 03:49:48','2023-03-27 03:49:48'),(480,'Martínez Roca','2023-03-27 03:49:48','2023-03-27 03:49:48'),(481,'Max Estrella','2023-03-27 03:49:48','2023-03-27 03:49:48'),(482,'MaxiTusquets','2023-03-27 03:49:48','2023-03-27 03:49:48'),(483,'Maxtor','2023-03-27 03:49:48','2023-03-27 03:49:48'),(484,'Mayo, Ediciones','2023-03-27 03:49:48','2023-03-27 03:49:48'),(485,'McGraw Hill','2023-03-27 03:49:48','2023-03-27 03:49:48'),(486,'MCSports','2023-03-27 03:49:48','2023-03-27 03:49:48'),(487,'Medialive Content','2023-03-27 03:49:48','2023-03-27 03:49:48'),(488,'Médica Panamericana','2023-03-27 03:49:48','2023-03-27 03:49:48'),(489,'Medici','2023-03-27 03:49:48','2023-03-27 03:49:48'),(490,'Mediterrània','2023-03-27 03:49:48','2023-03-27 03:49:48'),(491,'Meiga Ediciones','2023-03-27 03:49:48','2023-03-27 03:49:48'),(492,'Melusina','2023-03-27 03:49:48','2023-03-27 03:49:48'),(493,'Ménades','2023-03-27 03:49:48','2023-03-27 03:49:48'),(494,'Meracovia','2023-03-27 03:49:48','2023-03-27 03:49:48'),(495,'Meteora','2023-03-27 03:49:48','2023-03-27 03:49:48'),(496,'Mestas Ediciones','2023-03-27 03:49:48','2023-03-27 03:49:48'),(497,'Michelín (Mapas y Guías)','2023-03-27 03:49:48','2023-03-27 03:49:48'),(498,'Mil y un Cuentos','2023-03-27 03:49:48','2023-03-27 03:49:48'),(499,'Milenio','2023-03-27 03:49:48','2023-03-27 03:49:48'),(500,'Mily Way','2023-03-27 03:49:48','2023-03-27 03:49:48'),(501,'Millenium Liber','2023-03-27 03:49:48','2023-03-27 03:49:48'),(502,'Milrazones','2023-03-27 03:49:48','2023-03-27 03:49:48'),(503,'Minobitia','2023-03-27 03:49:48','2023-03-27 03:49:48'),(504,'Minotauro','2023-03-27 03:49:48','2023-03-27 03:49:48'),(505,'Minúscula','2023-03-27 03:49:48','2023-03-27 03:49:48'),(506,'Mira Editores','2023-03-27 03:49:48','2023-03-27 03:49:48'),(507,'Miraguano','2023-03-27 03:49:48','2023-03-27 03:49:48'),(508,'Mirach','2023-03-27 03:49:48','2023-03-27 03:49:48'),(509,'Modernito Books','2023-03-27 03:49:48','2023-03-27 03:49:48'),(510,'Molino','2023-03-27 03:49:48','2023-03-27 03:49:48'),(511,'Monsquito Books Barcelona','2023-03-27 03:49:48','2023-03-27 03:49:48'),(512,'Montecarmelo','2023-03-27 03:49:48','2023-03-27 03:49:48'),(513,'Montena','2023-03-27 03:49:48','2023-03-27 03:49:48'),(514,'Morata','2023-03-27 03:49:48','2023-03-27 03:49:48'),(515,'MTM Editor','2023-03-27 03:49:48','2023-03-27 03:49:48'),(516,'Musivisual','2023-03-27 03:49:48','2023-03-27 03:49:48'),(517,'Nadal Aderca','2023-03-27 03:49:48','2023-03-27 03:49:48'),(518,'Narcea','2023-03-27 03:49:48','2023-03-27 03:49:48'),(519,'Nau Llibres','2023-03-27 03:49:48','2023-03-27 03:49:48'),(520,'Naufragio de letras','2023-03-27 03:49:48','2023-03-27 03:49:48'),(521,'Nausícaä','2023-03-27 03:49:48','2023-03-27 03:49:48'),(522,'Neo Person','2023-03-27 03:49:48','2023-03-27 03:49:48'),(523,'Nerea','2023-03-27 03:49:48','2023-03-27 03:49:48'),(524,'Neverland Ediciones','2023-03-27 03:49:48','2023-03-27 03:49:48'),(525,'Nevsky','2023-03-27 03:49:48','2023-03-27 03:49:48'),(526,'Nickelodeon','2023-03-27 03:49:48','2023-03-27 03:49:48'),(527,'Nivola','2023-03-27 03:49:48','2023-03-27 03:49:48'),(528,'Nocturna Ediciones','2023-03-27 03:49:48','2023-03-27 03:49:48'),(529,'Noguer','2023-03-27 03:49:48','2023-03-27 03:49:48'),(530,'Nørdica Libros','2023-03-27 03:49:48','2023-03-27 03:49:48'),(531,'Norma-Capitel, Ediciones','2023-03-27 03:49:48','2023-03-27 03:49:48'),(532,'Norma Editorial','2023-03-27 03:49:48','2023-03-27 03:49:48'),(533,'Notorious Ediciones','2023-03-27 03:49:48','2023-03-27 03:49:48'),(534,'Nova','2023-03-27 03:49:48','2023-03-27 03:49:48'),(535,'Now Books','2023-03-27 03:49:48','2023-03-27 03:49:48'),(536,'Nowevolution','2023-03-27 03:49:48','2023-03-27 03:49:48'),(537,'Nowtilus','2023-03-27 03:49:48','2023-03-27 03:49:48'),(538,'Nube de Tinta','2023-03-27 03:49:48','2023-03-27 03:49:48'),(539,'NubeOcho','2023-03-27 03:49:48','2023-03-27 03:49:48'),(540,'Obelisco','2023-03-27 03:49:48','2023-03-27 03:49:48'),(541,'Oberon','2023-03-27 03:49:48','2023-03-27 03:49:48'),(542,'Octaedro Editorial','2023-03-27 03:49:48','2023-03-27 03:49:48'),(543,'Olé Libros','2023-03-27 03:49:48','2023-03-27 03:49:48'),(544,'Olmak Trade','2023-03-27 03:49:48','2023-03-27 03:49:48'),(545,'Omega','2023-03-27 03:49:48','2023-03-27 03:49:48'),(546,'Oniro','2023-03-27 03:49:48','2023-03-27 03:49:48'),(547,'Oniro Infantil','2023-03-27 03:49:48','2023-03-27 03:49:48'),(548,'Onyx','2023-03-27 03:49:48','2023-03-27 03:49:48'),(549,'Orbis Medievalis','2023-03-27 03:49:48','2023-03-27 03:49:48'),(550,'Ortells','2023-03-27 03:49:48','2023-03-27 03:49:48'),(551,'Oxford University Press','2023-03-27 03:49:48','2023-03-27 03:49:48'),(552,'Oz','2023-03-27 03:49:48','2023-03-27 03:49:48'),(553,'Páginas de Espuma','2023-03-27 03:49:48','2023-03-27 03:49:48'),(554,'Paidós','2023-03-27 03:49:48','2023-03-27 03:49:48'),(555,'Paidotribo','2023-03-27 03:49:48','2023-03-27 03:49:48'),(556,'Palabra','2023-03-27 03:49:48','2023-03-27 03:49:48'),(557,'Pálido Fuego','2023-03-27 03:49:48','2023-03-27 03:49:48'),(558,'Pamiés','2023-03-27 03:49:48','2023-03-27 03:49:48'),(559,'Para Dummies','2023-03-27 03:49:48','2023-03-27 03:49:48'),(560,'Paraninfo','2023-03-27 03:49:48','2023-03-27 03:49:48'),(561,'Parramon','2023-03-27 03:49:48','2023-03-27 03:49:48'),(562,'Pasado y Presente','2023-03-27 03:49:48','2023-03-27 03:49:48'),(563,'Pasos Perdidos','2023-03-27 03:49:48','2023-03-27 03:49:48'),(564,'Pastel de Luna','2023-03-27 03:49:48','2023-03-27 03:49:48'),(565,'Patrimonio','2023-03-27 03:49:48','2023-03-27 03:49:48'),(566,'Paulinas','2023-03-27 03:49:48','2023-03-27 03:49:48'),(567,'Pearson','2023-03-27 03:49:48','2023-03-27 03:49:48'),(568,'Penguin Clásicos','2023-03-27 03:49:48','2023-03-27 03:49:48'),(569,'Península','2023-03-27 03:49:48','2023-03-27 03:49:48'),(570,'Pepitas','2023-03-27 03:49:48','2023-03-27 03:49:48'),(571,'Periférica','2023-03-27 03:49:48','2023-03-27 03:49:48'),(572,'Perpetuo Socorro','2023-03-27 03:49:48','2023-03-27 03:49:48'),(573,'Pez de Plata','2023-03-27 03:49:48','2023-03-27 03:49:48'),(574,'Phoebe','2023-03-27 03:49:48','2023-03-27 03:49:48'),(575,'Piedra Papel','2023-03-27 03:49:48','2023-03-27 03:49:48'),(576,'Piles','2023-03-27 03:49:48','2023-03-27 03:49:48'),(577,'Piolet','2023-03-27 03:49:48','2023-03-27 03:49:48'),(578,'Pirámide','2023-03-27 03:49:48','2023-03-27 03:49:48'),(579,'Pispás','2023-03-27 03:49:48','2023-03-27 03:49:48'),(580,'Plan B','2023-03-27 03:49:48','2023-03-27 03:49:48'),(581,'Planeta','2023-03-27 03:49:48','2023-03-27 03:49:48'),(582,'Planeta Cómic','2023-03-27 03:49:48','2023-03-27 03:49:48'),(583,'Planeta DeAgostini','2023-03-27 03:49:48','2023-03-27 03:49:48'),(584,'Planeta Gastro','2023-03-27 03:49:48','2023-03-27 03:49:48'),(585,'Planeta Gifts','2023-03-27 03:49:48','2023-03-27 03:49:48'),(586,'Planeta Junior','2023-03-27 03:49:48','2023-03-27 03:49:48'),(587,'PlanetaLector','2023-03-27 03:49:48','2023-03-27 03:49:48'),(588,'Plata','2023-03-27 03:49:48','2023-03-27 03:49:48'),(589,'Plataforma','2023-03-27 03:49:48','2023-03-27 03:49:48'),(590,'Plataforma Neo','2023-03-27 03:49:48','2023-03-27 03:49:48'),(591,'Plaza & Janés','2023-03-27 03:49:48','2023-03-27 03:49:48'),(592,'Plaza & Valdés','2023-03-27 03:49:48','2023-03-27 03:49:48'),(593,'Pléyades','2023-03-27 03:49:48','2023-03-27 03:49:48'),(594,'Pliegos','2023-03-27 03:49:48','2023-03-27 03:49:48'),(595,'Plot Ediciones','2023-03-27 03:49:48','2023-03-27 03:49:48'),(596,'Plutón Ediciones','2023-03-27 03:49:48','2023-03-27 03:49:48'),(597,'Photo Club','2023-03-27 03:49:48','2023-03-27 03:49:48'),(598,'Polifemo','2023-03-27 03:49:48','2023-03-27 03:49:48'),(599,'Popular','2023-03-27 03:49:48','2023-03-27 03:49:48'),(600,'PPC','2023-03-27 03:49:48','2023-03-27 03:49:48'),(601,'Premium','2023-03-27 03:49:48','2023-03-27 03:49:48'),(602,'Pre-Textos','2023-03-27 03:49:48','2023-03-27 03:49:48'),(603,'Profit','2023-03-27 03:49:48','2023-03-27 03:49:48'),(604,'Progensa','2023-03-27 03:49:48','2023-03-27 03:49:48'),(605,'Proteus','2023-03-27 03:49:48','2023-03-27 03:49:48'),(606,'Proyecto Argán','2023-03-27 03:49:48','2023-03-27 03:49:48'),(607,'Psicoterapia relacional','2023-03-27 03:49:48','2023-03-27 03:49:48'),(608,'Psimática Editorial','2023-03-27 03:49:48','2023-03-27 03:49:48'),(609,'Publicaciones Claretianas','2023-03-27 03:49:48','2023-03-27 03:49:48'),(610,'Puck','2023-03-27 03:49:48','2023-03-27 03:49:48'),(611,'Punto de Lectura','2023-03-27 03:49:48','2023-03-27 03:49:48'),(612,'Punto de Vista','2023-03-27 03:49:48','2023-03-27 03:49:48'),(613,'Quaterni','2023-03-27 03:49:48','2023-03-27 03:49:48'),(614,'Raíces','2023-03-27 03:49:48','2023-03-27 03:49:48'),(615,'Ra-Ma','2023-03-27 03:49:48','2023-03-27 03:49:48'),(616,'Random Cómics','2023-03-27 03:49:48','2023-03-27 03:49:48'),(617,':Rata_','2023-03-27 03:49:48','2023-03-27 03:49:48'),(618,'Rayo verde','2023-03-27 03:49:48','2023-03-27 03:49:48'),(619,'RBA','2023-03-27 03:49:48','2023-03-27 03:49:48'),(620,'RBA Coleccionables','2023-03-27 03:49:48','2023-03-27 03:49:48'),(621,'RBA Gastronomía y Cocina','2023-03-27 03:49:48','2023-03-27 03:49:48'),(622,'RBA No Ficción','2023-03-27 03:49:48','2023-03-27 03:49:48'),(623,'RBA Práctica','2023-03-27 03:49:48','2023-03-27 03:49:48'),(624,'RC Libros','2023-03-27 03:49:48','2023-03-27 03:49:48'),(625,'Real Academia Española','2023-03-27 03:49:48','2023-03-27 03:49:48'),(626,'Real Musical','2023-03-27 03:49:48','2023-03-27 03:49:48'),(627,'Reino de Cordelia','2023-03-27 03:49:48','2023-03-27 03:49:48'),(628,'Renacimiento','2023-03-27 03:49:48','2023-03-27 03:49:48'),(629,'Renden Institut Gestalt','2023-03-27 03:49:48','2023-03-27 03:49:48'),(630,'Reservoir Books','2023-03-27 03:49:48','2023-03-27 03:49:48'),(631,'Reus','2023-03-27 03:49:48','2023-03-27 03:49:48'),(632,'Reverté','2023-03-27 03:49:48','2023-03-27 03:49:48'),(633,'Rialp','2023-03-27 03:49:48','2023-03-27 03:49:48'),(634,'Robin Book','2023-03-27 03:49:48','2023-03-27 03:49:48'),(635,'Roca Bolsillo','2023-03-27 03:49:48','2023-03-27 03:49:48'),(636,'Roca Editorial','2023-03-27 03:49:48','2023-03-27 03:49:48'),(637,'Roca Juvenil','2023-03-27 03:49:48','2023-03-27 03:49:48'),(638,'RM','2023-03-27 03:49:48','2023-03-27 03:49:48'),(639,'Romeo Ediciones','2023-03-27 03:49:48','2023-03-27 03:49:48'),(640,'Rudolf Steiner','2023-03-27 03:49:48','2023-03-27 03:49:48'),(641,'Rueda','2023-03-27 03:49:48','2023-03-27 03:49:48'),(642,'Saco de huesos','2023-03-27 03:49:48','2023-03-27 03:49:48'),(643,'Safeliz','2023-03-27 03:49:48','2023-03-27 03:49:48'),(644,'Sajalín Editores','2023-03-27 03:49:48','2023-03-27 03:49:48'),(645,'Salamandra','2023-03-27 03:49:48','2023-03-27 03:49:48'),(646,'Saldaña','2023-03-27 03:49:48','2023-03-27 03:49:48'),(647,'Salsa Books','2023-03-27 03:49:48','2023-03-27 03:49:48'),(648,'Salvat','2023-03-27 03:49:48','2023-03-27 03:49:48'),(649,'Salvatella!','2023-03-27 03:49:48','2023-03-27 03:49:48'),(650,'San Esteban','2023-03-27 03:49:48','2023-03-27 03:49:48'),(651,'San Pablo','2023-03-27 03:49:48','2023-03-27 03:49:48'),(652,'Sankara Books','2023-03-27 03:49:48','2023-03-27 03:49:48'),(653,'Santa & Cole','2023-03-27 03:49:48','2023-03-27 03:49:48'),(654,'Santillana','2023-03-27 03:49:48','2023-03-27 03:49:48'),(655,'Sanz y Torres','2023-03-27 03:49:48','2023-03-27 03:49:48'),(656,'Sapristi','2023-03-27 03:49:48','2023-03-27 03:49:48'),(657,'Satori Ediciones','2023-03-27 03:49:48','2023-03-27 03:49:48'),(658,'Saralejandria','2023-03-27 03:49:48','2023-03-27 03:49:48'),(659,'Scyla eBooks','2023-03-27 03:49:48','2023-03-27 03:49:48'),(660,'Secretariado Trinitario','2023-03-27 03:49:48','2023-03-27 03:49:48'),(661,'Seeler','2023-03-27 03:49:48','2023-03-27 03:49:48'),(662,'Seix Barral','2023-03-27 03:49:48','2023-03-27 03:49:48'),(663,'Selecta','2023-03-27 03:49:48','2023-03-27 03:49:48'),(664,'Sensi Romero','2023-03-27 03:49:48','2023-03-27 03:49:48'),(665,'Sepin','2023-03-27 03:49:48','2023-03-27 03:49:48'),(666,'Septem Ediciones','2023-03-27 03:49:48','2023-03-27 03:49:48'),(667,'Serbal, Ediciones del','2023-03-27 03:49:48','2023-03-27 03:49:48'),(668,'Serie Negra','2023-03-27 03:49:48','2023-03-27 03:49:48'),(669,'Sexto Piso','2023-03-27 03:49:48','2023-03-27 03:49:48'),(670,'Siete islas','2023-03-27 03:49:48','2023-03-27 03:49:48'),(671,'Siete Leguas','2023-03-27 03:49:48','2023-03-27 03:49:48'),(672,'Signo Editores','2023-03-27 03:49:48','2023-03-27 03:49:48'),(673,'Sígueme, Ediciones','2023-03-27 03:49:48','2023-03-27 03:49:48'),(674,'Sílex','2023-03-27 03:49:48','2023-03-27 03:49:48'),(675,'Sinsentido','2023-03-27 03:49:48','2023-03-27 03:49:48'),(676,'Síntesis','2023-03-27 03:49:48','2023-03-27 03:49:48'),(677,'Sirio','2023-03-27 03:49:48','2023-03-27 03:49:48'),(678,'Siruela','2023-03-27 03:49:48','2023-03-27 03:49:48'),(679,'SM','2023-03-27 03:49:48','2023-03-27 03:49:48'),(680,'SM Infantil y Juvenil','2023-03-27 03:49:48','2023-03-27 03:49:48'),(681,'Suma de letras','2023-03-27 03:49:48','2023-03-27 03:49:48'),(682,'Sushi Books','2023-03-27 03:49:48','2023-03-27 03:49:48'),(683,'Swing','2023-03-27 03:49:48','2023-03-27 03:49:48'),(684,'Tabarca Llibres','2023-03-27 03:49:48','2023-03-27 03:49:48'),(685,'TakaTuka','2023-03-27 03:49:48','2023-03-27 03:49:48'),(686,'Talentura','2023-03-27 03:49:48','2023-03-27 03:49:48'),(687,'Tandaia','2023-03-27 03:49:48','2023-03-27 03:49:48'),(688,'Tàndem Edicions','2023-03-27 03:49:48','2023-03-27 03:49:48'),(689,'Taurus','2023-03-27 03:49:48','2023-03-27 03:49:48'),(690,'Tea','2023-03-27 03:49:48','2023-03-27 03:49:48'),(691,'Tébar Flores','2023-03-27 03:49:48','2023-03-27 03:49:48'),(692,'Tecnos','2023-03-27 03:49:48','2023-03-27 03:49:48'),(693,'Teide','2023-03-27 03:49:48','2023-03-27 03:49:48'),(694,'Telstar (Distrimapas)','2023-03-27 03:49:48','2023-03-27 03:49:48'),(695,'Temas de Hoy','2023-03-27 03:49:48','2023-03-27 03:49:48'),(696,'Terapias Verdes','2023-03-27 03:49:48','2023-03-27 03:49:48'),(697,'Terciopelo','2023-03-27 03:49:48','2023-03-27 03:49:48'),(698,'Testimonio','2023-03-27 03:49:48','2023-03-27 03:49:48'),(699,'The Black House','2023-03-27 03:49:48','2023-03-27 03:49:48'),(700,'Thule Ediciones','2023-03-27 03:49:48','2023-03-27 03:49:48'),(701,'Tibidabo','2023-03-27 03:49:48','2023-03-27 03:49:48'),(702,'Tilde','2023-03-27 03:49:48','2023-03-27 03:49:48'),(703,'Timun Mas Infantil','2023-03-27 03:49:48','2023-03-27 03:49:48'),(704,'Timun Mas Narrativa','2023-03-27 03:49:48','2023-03-27 03:49:48'),(705,'Tirant Editorial','2023-03-27 03:49:48','2023-03-27 03:49:48'),(706,'Titania','2023-03-27 03:49:48','2023-03-27 03:49:48'),(707,'Títiris','2023-03-27 03:49:48','2023-03-27 03:49:48'),(708,'Todolibro','2023-03-27 03:49:48','2023-03-27 03:49:48'),(709,'Top Novel','2023-03-27 03:49:48','2023-03-27 03:49:48'),(710,'Torremozas','2023-03-27 03:49:48','2023-03-27 03:49:48'),(711,'Trama Editorial','2023-03-27 03:49:48','2023-03-27 03:49:48'),(712,'Tránsito','2023-03-27 03:49:48','2023-03-27 03:49:48'),(713,'Trea','2023-03-27 03:49:48','2023-03-27 03:49:48'),(714,'Tres Hermanas','2023-03-27 03:49:48','2023-03-27 03:49:48'),(715,'Tres Tigres Tristes','2023-03-27 03:49:48','2023-03-27 03:49:48'),(716,'Tria Ediciones','2023-03-27 03:49:48','2023-03-27 03:49:48'),(717,'Trifaldi','2023-03-27 03:49:48','2023-03-27 03:49:48'),(718,'Tritó','2023-03-27 03:49:48','2023-03-27 03:49:48'),(719,'Tropo','2023-03-27 03:49:48','2023-03-27 03:49:48'),(720,'Trotalibros','2023-03-27 03:49:48','2023-03-27 03:49:48'),(721,'Trotamundos','2023-03-27 03:49:48','2023-03-27 03:49:48'),(722,'Trotta','2023-03-27 03:49:48','2023-03-27 03:49:48'),(723,'Turner','2023-03-27 03:49:48','2023-03-27 03:49:48'),(724,'Tushita','2023-03-27 03:49:48','2023-03-27 03:49:48'),(725,'Tusquets Editores','2023-03-27 03:49:48','2023-03-27 03:49:48'),(726,'Tutor','2023-03-27 03:49:48','2023-03-27 03:49:48'),(727,'Umbriel','2023-03-27 03:49:48','2023-03-27 03:49:48'),(728,'Underwood','2023-03-27 03:49:48','2023-03-27 03:49:48'),(729,'UNED','2023-03-27 03:49:48','2023-03-27 03:49:48'),(730,'Unión','2023-03-27 03:49:48','2023-03-27 03:49:48'),(731,'Universidad Salamanca, Ediciones','2023-03-27 03:49:48','2023-03-27 03:49:48'),(732,'UPV','2023-03-27 03:49:48','2023-03-27 03:49:48'),(733,'Útero Libros','2023-03-27 03:49:48','2023-03-27 03:49:48'),(734,'Urano','2023-03-27 03:49:48','2023-03-27 03:49:48'),(735,'Urgoitieditores','2023-03-27 03:49:48','2023-03-27 03:49:48'),(736,'Urmo','2023-03-27 03:49:48','2023-03-27 03:49:48'),(737,'Uve Books','2023-03-27 03:49:48','2023-03-27 03:49:48'),(738,'Valdemar','2023-03-27 03:49:48','2023-03-27 03:49:48'),(739,'Valhalla','2023-03-27 03:49:48','2023-03-27 03:49:48'),(740,'Valparaíso','2023-03-27 03:49:48','2023-03-27 03:49:48'),(741,'Vanir','2023-03-27 03:49:48','2023-03-27 03:49:48'),(742,'Vaso Roto','2023-03-27 03:49:48','2023-03-27 03:49:48'),(743,'Vegueta','2023-03-27 03:49:48','2023-03-27 03:49:48'),(744,'Verbo Divino','2023-03-27 03:49:48','2023-03-27 03:49:48'),(745,'Verbum','2023-03-27 03:49:48','2023-03-27 03:49:48'),(746,'Vergara','2023-03-27 03:49:48','2023-03-27 03:49:48'),(747,'Versátil','2023-03-27 03:49:48','2023-03-27 03:49:48'),(748,'Verticales de Bolsillo','2023-03-27 03:49:48','2023-03-27 03:49:48'),(749,'Vicens Vives','2023-03-27 03:49:48','2023-03-27 03:49:48'),(750,'Videocinco','2023-03-27 03:49:48','2023-03-27 03:49:48'),(751,'Vision Ebooks','2023-03-27 03:49:48','2023-03-27 03:49:48'),(752,'Vision Libros','2023-03-27 03:49:48','2023-03-27 03:49:48'),(753,'Visor Libros','2023-03-27 03:49:48','2023-03-27 03:49:48'),(754,'Vox','2023-03-27 03:49:48','2023-03-27 03:49:48'),(755,'VV Kids','2023-03-27 03:49:48','2023-03-27 03:49:48'),(756,'Wave Books','2023-03-27 03:49:48','2023-03-27 03:49:48'),(757,'Wonder Ponder','2023-03-27 03:49:48','2023-03-27 03:49:48'),(758,'WunderKammer','2023-03-27 03:49:48','2023-03-27 03:49:48'),(759,'Xordica Editorial','2023-03-27 03:49:48','2023-03-27 03:49:48'),(760,'Xorki','2023-03-27 03:49:48','2023-03-27 03:49:48'),(761,'Xplora','2023-03-27 03:49:48','2023-03-27 03:49:48'),(762,'Yermo Ediciones','2023-03-27 03:49:48','2023-03-27 03:49:48'),(763,'Ya lo dijo Casimiro Parker','2023-03-27 03:49:48','2023-03-27 03:49:48'),(764,'Yoyo','2023-03-27 03:49:48','2023-03-27 03:49:48'),(765,'Zafiro eBooks','2023-03-27 03:49:48','2023-03-27 03:49:48'),(766,'Zahorí de ideas','2023-03-27 03:49:48','2023-03-27 03:49:48'),(767,'Zenith','2023-03-27 03:49:48','2023-03-27 03:49:48'),(768,'Zorro rojo','2023-03-27 03:49:48','2023-03-27 03:49:48'),(769,'Zumaque','2023-03-27 03:49:48','2023-03-27 03:49:48');
/*!40000 ALTER TABLE `editorials` ENABLE KEYS */;
UNLOCK TABLES;

--
-- Table structure for table `failed_jobs`
--

DROP TABLE IF EXISTS `failed_jobs`;
/*!40101 SET @saved_cs_client     = @@character_set_client */;
/*!50503 SET character_set_client = utf8mb4 */;
CREATE TABLE `failed_jobs` (
  `id` bigint unsigned NOT NULL AUTO_INCREMENT,
  `uuid` varchar(255) COLLATE utf8mb4_unicode_ci NOT NULL,
  `connection` text COLLATE utf8mb4_unicode_ci NOT NULL,
  `queue` text COLLATE utf8mb4_unicode_ci NOT NULL,
  `payload` longtext COLLATE utf8mb4_unicode_ci NOT NULL,
  `exception` longtext COLLATE utf8mb4_unicode_ci NOT NULL,
  `failed_at` timestamp NOT NULL DEFAULT CURRENT_TIMESTAMP,
  PRIMARY KEY (`id`),
  UNIQUE KEY `failed_jobs_uuid_unique` (`uuid`)
) ENGINE=InnoDB DEFAULT CHARSET=utf8mb4 COLLATE=utf8mb4_unicode_ci;
/*!40101 SET character_set_client = @saved_cs_client */;

--
-- Dumping data for table `failed_jobs`
--

LOCK TABLES `failed_jobs` WRITE;
/*!40000 ALTER TABLE `failed_jobs` DISABLE KEYS */;
/*!40000 ALTER TABLE `failed_jobs` ENABLE KEYS */;
UNLOCK TABLES;

--
-- Table structure for table `migrations`
--

DROP TABLE IF EXISTS `migrations`;
/*!40101 SET @saved_cs_client     = @@character_set_client */;
/*!50503 SET character_set_client = utf8mb4 */;
CREATE TABLE `migrations` (
  `id` int unsigned NOT NULL AUTO_INCREMENT,
  `migration` varchar(255) COLLATE utf8mb4_unicode_ci NOT NULL,
  `batch` int NOT NULL,
  PRIMARY KEY (`id`)
) ENGINE=InnoDB AUTO_INCREMENT=110 DEFAULT CHARSET=utf8mb4 COLLATE=utf8mb4_unicode_ci;
/*!40101 SET character_set_client = @saved_cs_client */;

--
-- Dumping data for table `migrations`
--

LOCK TABLES `migrations` WRITE;
/*!40000 ALTER TABLE `migrations` DISABLE KEYS */;
INSERT INTO `migrations` VALUES (100,'2014_10_12_000000_create_users_table',1),(101,'2014_10_12_100000_create_password_reset_tokens_table',1),(102,'2014_10_12_100000_create_password_resets_table',1),(103,'2019_08_19_000000_create_failed_jobs_table',1),(104,'2019_12_14_000001_create_personal_access_tokens_table',1),(105,'2023_03_24_225321_create_authors_table',1),(106,'2023_03_24_232840_create_books_table',1),(107,'2023_03_24_233152_create_editorials_table',1),(108,'2023_03_26_184825_create_stocks_table',1),(109,'2023_03_26_212033_create_borrowedbooks_table',1);
/*!40000 ALTER TABLE `migrations` ENABLE KEYS */;
UNLOCK TABLES;

--
-- Table structure for table `password_reset_tokens`
--

DROP TABLE IF EXISTS `password_reset_tokens`;
/*!40101 SET @saved_cs_client     = @@character_set_client */;
/*!50503 SET character_set_client = utf8mb4 */;
CREATE TABLE `password_reset_tokens` (
  `email` varchar(255) COLLATE utf8mb4_unicode_ci NOT NULL,
  `token` varchar(255) COLLATE utf8mb4_unicode_ci NOT NULL,
  `created_at` timestamp NULL DEFAULT NULL,
  PRIMARY KEY (`email`)
) ENGINE=InnoDB DEFAULT CHARSET=utf8mb4 COLLATE=utf8mb4_unicode_ci;
/*!40101 SET character_set_client = @saved_cs_client */;

--
-- Dumping data for table `password_reset_tokens`
--

LOCK TABLES `password_reset_tokens` WRITE;
/*!40000 ALTER TABLE `password_reset_tokens` DISABLE KEYS */;
/*!40000 ALTER TABLE `password_reset_tokens` ENABLE KEYS */;
UNLOCK TABLES;

--
-- Table structure for table `password_resets`
--

DROP TABLE IF EXISTS `password_resets`;
/*!40101 SET @saved_cs_client     = @@character_set_client */;
/*!50503 SET character_set_client = utf8mb4 */;
CREATE TABLE `password_resets` (
  `email` varchar(255) COLLATE utf8mb4_unicode_ci NOT NULL,
  `token` varchar(255) COLLATE utf8mb4_unicode_ci NOT NULL,
  `created_at` timestamp NULL DEFAULT NULL,
  KEY `password_resets_email_index` (`email`)
) ENGINE=InnoDB DEFAULT CHARSET=utf8mb4 COLLATE=utf8mb4_unicode_ci;
/*!40101 SET character_set_client = @saved_cs_client */;

--
-- Dumping data for table `password_resets`
--

LOCK TABLES `password_resets` WRITE;
/*!40000 ALTER TABLE `password_resets` DISABLE KEYS */;
/*!40000 ALTER TABLE `password_resets` ENABLE KEYS */;
UNLOCK TABLES;

--
-- Table structure for table `personal_access_tokens`
--

DROP TABLE IF EXISTS `personal_access_tokens`;
/*!40101 SET @saved_cs_client     = @@character_set_client */;
/*!50503 SET character_set_client = utf8mb4 */;
CREATE TABLE `personal_access_tokens` (
  `id` bigint unsigned NOT NULL AUTO_INCREMENT,
  `tokenable_type` varchar(255) COLLATE utf8mb4_unicode_ci NOT NULL,
  `tokenable_id` bigint unsigned NOT NULL,
  `name` varchar(255) COLLATE utf8mb4_unicode_ci NOT NULL,
  `token` varchar(64) COLLATE utf8mb4_unicode_ci NOT NULL,
  `abilities` text COLLATE utf8mb4_unicode_ci,
  `last_used_at` timestamp NULL DEFAULT NULL,
  `expires_at` timestamp NULL DEFAULT NULL,
  `created_at` timestamp NULL DEFAULT NULL,
  `updated_at` timestamp NULL DEFAULT NULL,
  PRIMARY KEY (`id`),
  UNIQUE KEY `personal_access_tokens_token_unique` (`token`),
  KEY `personal_access_tokens_tokenable_type_tokenable_id_index` (`tokenable_type`,`tokenable_id`)
) ENGINE=InnoDB DEFAULT CHARSET=utf8mb4 COLLATE=utf8mb4_unicode_ci;
/*!40101 SET character_set_client = @saved_cs_client */;

--
-- Dumping data for table `personal_access_tokens`
--

LOCK TABLES `personal_access_tokens` WRITE;
/*!40000 ALTER TABLE `personal_access_tokens` DISABLE KEYS */;
/*!40000 ALTER TABLE `personal_access_tokens` ENABLE KEYS */;
UNLOCK TABLES;

--
-- Table structure for table `stocks`
--

DROP TABLE IF EXISTS `stocks`;
/*!40101 SET @saved_cs_client     = @@character_set_client */;
/*!50503 SET character_set_client = utf8mb4 */;
CREATE TABLE `stocks` (
  `id` bigint unsigned NOT NULL AUTO_INCREMENT,
  `book_id` bigint unsigned DEFAULT NULL,
  `total` varchar(255) COLLATE utf8mb4_unicode_ci NOT NULL,
  `created_at` timestamp NULL DEFAULT NULL,
  `updated_at` timestamp NULL DEFAULT NULL,
  PRIMARY KEY (`id`)
) ENGINE=InnoDB AUTO_INCREMENT=13 DEFAULT CHARSET=utf8mb4 COLLATE=utf8mb4_unicode_ci;
/*!40101 SET character_set_client = @saved_cs_client */;

--
-- Dumping data for table `stocks`
--

LOCK TABLES `stocks` WRITE;
/*!40000 ALTER TABLE `stocks` DISABLE KEYS */;
INSERT INTO `stocks` VALUES (1,1,'20','2023-03-27 03:49:46','2023-03-27 04:11:13'),(2,5,'23','2023-03-27 03:49:46','2023-03-27 04:20:52'),(3,2,'180','2023-03-27 03:49:46','2023-03-27 03:49:46'),(4,3,'100','2023-03-27 03:49:46','2023-03-27 03:49:46'),(5,4,'12','2023-03-27 03:49:46','2023-03-27 03:49:46'),(6,6,'180','2023-03-27 03:49:46','2023-03-27 04:23:42'),(7,7,'23','2023-03-27 03:49:46','2023-03-27 04:57:35'),(8,8,'45','2023-03-27 03:49:46','2023-03-27 04:59:06'),(9,9,'17','2023-03-27 03:49:46','2023-03-27 05:18:23'),(10,10,'0','2023-03-27 03:49:46','2023-03-27 05:01:27'),(11,11,'179','2023-03-27 03:49:46','2023-03-27 05:18:34'),(12,12,'177','2023-03-27 03:49:46','2023-03-27 05:23:43');
/*!40000 ALTER TABLE `stocks` ENABLE KEYS */;
UNLOCK TABLES;

--
-- Table structure for table `users`
--

DROP TABLE IF EXISTS `users`;
/*!40101 SET @saved_cs_client     = @@character_set_client */;
/*!50503 SET character_set_client = utf8mb4 */;
CREATE TABLE `users` (
  `id` bigint unsigned NOT NULL AUTO_INCREMENT,
  `name` varchar(255) COLLATE utf8mb4_unicode_ci NOT NULL,
  `email` varchar(255) COLLATE utf8mb4_unicode_ci NOT NULL,
  `email_verified_at` timestamp NULL DEFAULT NULL,
  `password` varchar(255) COLLATE utf8mb4_unicode_ci NOT NULL,
  `remember_token` varchar(100) COLLATE utf8mb4_unicode_ci DEFAULT NULL,
  `created_at` timestamp NULL DEFAULT NULL,
  `updated_at` timestamp NULL DEFAULT NULL,
  PRIMARY KEY (`id`),
  UNIQUE KEY `users_email_unique` (`email`)
) ENGINE=InnoDB AUTO_INCREMENT=2 DEFAULT CHARSET=utf8mb4 COLLATE=utf8mb4_unicode_ci;
/*!40101 SET character_set_client = @saved_cs_client */;

--
-- Dumping data for table `users`
--

LOCK TABLES `users` WRITE;
/*!40000 ALTER TABLE `users` DISABLE KEYS */;
INSERT INTO `users` VALUES (1,'Administrador','admin@gmail.com',NULL,'$2y$10$EpNK8O4WAE8v4QaYLOrPY.5eqkZUOV0VPGLIB6b7eVtvfXrfLe4H6',NULL,'2023-03-27 03:49:46','2023-03-27 03:49:46');
/*!40000 ALTER TABLE `users` ENABLE KEYS */;
UNLOCK TABLES;
/*!40103 SET TIME_ZONE=@OLD_TIME_ZONE */;

/*!40101 SET SQL_MODE=@OLD_SQL_MODE */;
/*!40014 SET FOREIGN_KEY_CHECKS=@OLD_FOREIGN_KEY_CHECKS */;
/*!40014 SET UNIQUE_CHECKS=@OLD_UNIQUE_CHECKS */;
/*!40101 SET CHARACTER_SET_CLIENT=@OLD_CHARACTER_SET_CLIENT */;
/*!40101 SET CHARACTER_SET_RESULTS=@OLD_CHARACTER_SET_RESULTS */;
/*!40101 SET COLLATION_CONNECTION=@OLD_COLLATION_CONNECTION */;
/*!40111 SET SQL_NOTES=@OLD_SQL_NOTES */;

-- Dump completed on 2023-03-26 19:48:45
